team,season,growth
Alaves,2019,-17.475
Alaves,2020,-18.8
Alaves,2021,-21.9
Alaves,2023,1.2
Alaves,2024,1.5500000000000003
Alaves,2025,5.9
Almeria,2022,-6.0
Almeria,2023,-25.1
Athletic Club,2019,-20.75
Athletic Club,2020,-9.2
Athletic Club,2021,18.8
Athletic Club,2022,4.9
Athletic Club,2023,79.2
Athletic Club,2024,61.6
Athletic Club,2025,-146.5
Atletico Madrid,2019,-156.4
Atletico Madrid,2020,1.9000000000000021
Atletico Madrid,2021,-167.7
Atletico Madrid,2022,-190.0
Atletico Madrid,2023,-85.5
Atletico Madrid,2024,-24.85
Atletico Madrid,2025,-86.3
Barcelona,2019,-292.4
Barcelona,2020,-133.15
Barcelona,2021,-180.3
Barcelona,2022,61.8
Barcelona,2023,-113.9
Barcelona,2024,204.0
Barcelona,2025,43.65
CD Leganés,2019,-18.05
CD Leganés,2024,-3.6999999999999997
Cadiz,2020,-0.8999999999999999
Cadiz,2021,1.1999999999999997
Cadiz,2022,-17.9
Cadiz,2023,-21.3
Celta Vigo,2019,-75.1
Celta Vigo,2020,-3.6500000000000004
Celta Vigo,2021,-16.55
Celta Vigo,2022,11.8
Celta Vigo,2023,-1.0999999999999996
Celta Vigo,2024,36.55
Celta Vigo,2025,65.2
Eibar,2019,-17.75
Eibar,2020,12.75
Elche,2020,-4.775
Elche,2021,12.5
Elche,2022,-17.3
Elche,2025,9.0
Getafe,2019,10.1
Getafe,2020,-14.25
Getafe,2021,-4.249999999999999
Getafe,2022,-34.300000000000004
Getafe,2023,-21.6
Getafe,2024,-9.6
Getafe,2025,-6.5
Girona,2022,-3.1999999999999997
Girona,2023,94.55
Girona,2024,-44.8
Girona,2025,-35.4
Granada,2019,-2.220446049250313e-16
Granada,2020,41.425000000000004
Granada,2021,-10.0
Granada,2023,-7.6499999999999995
Las Palmas,2023,-1.0
Las Palmas,2024,-10.700000000000001
Levante,2019,-15.8
Levante,2020,21.95
Levante,2021,-40.55
Levante,2025,-1.2
Mallorca,2019,-3.4499999999999997
Mallorca,2021,-14.0
Mallorca,2022,25.2
Mallorca,2023,-19.625
Mallorca,2024,-3.6999999999999997
Mallorca,2025,-13.1
Osasuna,2019,-2.4999999999999996
Osasuna,2020,25.125
Osasuna,2021,13.2
Osasuna,2022,10.2
Osasuna,2023,-40.199999999999996
Osasuna,2024,-12.15
Osasuna,2025,-24.6
RCD Espanyol Barcelona,2019,-54.25
RCD Espanyol Barcelona,2021,-8.9
RCD Espanyol Barcelona,2022,-14.25
RCD Espanyol Barcelona,2024,0.7999999999999998
RCD Espanyol Barcelona,2025,33.65
Rayo Vallecano,2021,-10.2
Rayo Vallecano,2022,14.7
Rayo Vallecano,2023,-30.3
Rayo Vallecano,2024,2.1
Rayo Vallecano,2025,7.900000000000001
Real Betis,2019,-65.9
Real Betis,2020,-23.75
Real Betis,2021,27.95
Real Betis,2022,-21.35
Real Betis,2023,-65.7
Real Betis,2024,-2.2
Real Betis,2025,36.7
Real Madrid,2019,-177.05
Real Madrid,2020,-71.3
Real Madrid,2021,-8.299999999999997
Real Madrid,2022,61.0
Real Madrid,2023,36.150000000000006
Real Madrid,2024,-133.8
Real Madrid,2025,-203.8
Real Oviedo,2025,-3.7
Real Sociedad,2019,-7.3
Real Sociedad,2020,109.95
Real Sociedad,2021,-20.5
Real Sociedad,2022,54.7
Real Sociedad,2023,83.35
Real Sociedad,2024,-88.75
Real Sociedad,2025,-37.3
Real Valladolid CF,2019,-9.2
Real Valladolid CF,2020,-11.225000000000001
Real Valladolid CF,2022,-3.8
Real Valladolid CF,2024,-8.7
SD Huesca,2020,-4.2
Sevilla,2019,-26.15
Sevilla,2020,112.65
Sevilla,2021,-74.55
Sevilla,2022,-98.1
Sevilla,2023,-49.775
Sevilla,2024,3.4000000000000004
Sevilla,2025,30.75
Valencia,2019,-55.3
Valencia,2020,-46.0
Valencia,2021,-10.75
Valencia,2022,-59.6
Valencia,2023,64.75
Valencia,2024,-60.7
Valencia,2025,-26.6
Villarreal,2019,-43.825
Villarreal,2020,20.1
Villarreal,2021,26.9
Villarreal,2022,-36.1
Villarreal,2023,5.899999999999999
Villarreal,2024,12.2
Villarreal,2025,58.5
