season,tm_name,team,squad_value_eur,squad_value_m
2018,FC Barcelona,Barcelona,1160000000.0,1160.0
2018,Atlético de Madrid,Atletico Madrid,969700000.0,969.7
2018,Real Madrid,Real Madrid,896100000.0,896.1
2018,Valencia CF,Valencia,499650000.0,499.65
2018,Sevilla FC,Sevilla,306300000.0,306.3
2018,Real Sociedad,Real Sociedad,300950000.0,300.95
2018,Real Betis Balompié,Real Betis Balompié,290750000.0,290.75
2018,Athletic Bilbao,Athletic Club,234250000.0,234.25
2018,Celta de Vigo,Celta Vigo,234100000.0,234.1
2018,Villarreal CF,Villarreal,230650000.0,230.65
2018,RCD Espanyol Barcelona,RCD Espanyol Barcelona,174700000.0,174.7
2018,Getafe CF,Getafe,132199999.99999999,132.2
2018,CD Leganés,CD Leganés,112450000.0,112.45
2018,Deportivo Alavés,Alaves,110800000.0,110.8
2018,Levante UD,Levante,107850000.0,107.85
2018,Girona FC,Girona,97250000.0,97.25
2018,SD Eibar,Eibar,93900000.0,93.9
2018,Rayo Vallecano,Rayo Vallecano,86700000.0,86.7
2018,Real Valladolid CF,Real Valladolid CF,83000000.0,83.0
2018,SD Huesca,SD Huesca,61400000.0,61.4
2019,FC Barcelona,Barcelona,930280000.0,930.28
2019,Real Madrid,Real Madrid,913750000.0,913.75
2019,Atlético de Madrid,Atletico Madrid,720150000.0,720.15
2019,Valencia CF,Valencia,427800000.0,427.8
2019,Real Sociedad,Real Sociedad,347550000.0,347.55
2019,Sevilla FC,Sevilla,294750000.0,294.75
2019,Real Betis Balompié,Real Betis Balompié,244350000.0,244.35
2019,Athletic Bilbao,Athletic Club,211750000.0,211.75
2019,Villarreal CF,Villarreal,208680000.0,208.68
2019,Getafe CF,Getafe,175450000.0,175.45
2019,Celta de Vigo,Celta Vigo,167000000.0,167.0
2019,RCD Espanyol Barcelona,RCD Espanyol Barcelona,156050000.0,156.05
2019,CD Leganés,CD Leganés,109700000.0,109.7
2019,Deportivo Alavés,Alaves,106750000.0,106.75
2019,Levante UD,Levante,90500000.0,90.5
2019,Real Valladolid CF,Real Valladolid CF,87780000.0,87.78
2019,RCD Mallorca,Mallorca,64680000.00000001,64.68
2019,CA Osasuna,CA Osasuna,62780000.0,62.78
2019,Granada CF,Granada,56580000.0,56.58
2019,SD Eibar,Eibar,53750000.0,53.75
2020,FC Barcelona,Barcelona,813500000.0,813.5
2020,Real Madrid,Real Madrid,787300000.0,787.3
2020,Atlético de Madrid,Atletico Madrid,773100000.0,773.1
2020,Sevilla FC,Sevilla,418250000.0,418.25
2020,Real Sociedad,Real Sociedad,406600000.0,406.6
2020,Villarreal CF,Villarreal,292600000.0,292.6
2020,Valencia CF,Valencia,278850000.0,278.85
2020,Real Betis Balompié,Real Betis Balompié,207700000.0,207.7
2020,Athletic Bilbao,Athletic Club,204150000.0,204.15
2020,Getafe CF,Getafe,170100000.0,170.1
2020,Celta de Vigo,Celta Vigo,155850000.0,155.85
2020,Granada CF,Granada,122650000.0,122.65
2020,Levante UD,Levante,113000000.0,113.0
2020,CA Osasuna,CA Osasuna,96750000.0,96.75
2020,SD Eibar,Eibar,83400000.0,83.4
2020,Deportivo Alavés,Alaves,79800000.0,79.8
2020,SD Huesca,SD Huesca,64099999.99999999,64.1
2020,Real Valladolid CF,Real Valladolid CF,63350000.0,63.35
2020,Cádiz CF,Cadiz,47650000.0,47.65
2020,Elche CF,Elche,45650000.0,45.65
2021,Real Madrid,Real Madrid,770750000.0,770.75
2021,FC Barcelona,Barcelona,735600000.0,735.6
2021,Atlético de Madrid,Atletico Madrid,661800000.0,661.8
2021,Villarreal CF,Villarreal,408900000.0,408.9
2021,Sevilla FC,Sevilla,385000000.0,385.0
2021,Real Sociedad,Real Sociedad,376950000.0,376.95
2021,Valencia CF,Valencia,310600000.0,310.6
2021,Real Betis Balompié,Real Betis Balompié,259000000.0,259.0
2021,Athletic Bilbao,Athletic Club,226050000.0,226.05
2021,Getafe CF,Getafe,208680000.0,208.68
2021,RCD Espanyol Barcelona,RCD Espanyol Barcelona,131600000.0,131.6
2021,Celta de Vigo,Celta Vigo,120000000.0,120.0
2021,CA Osasuna,CA Osasuna,108450000.0,108.45
2021,Granada CF,Granada,103750000.0,103.75
2021,Levante UD,Levante,77900000.0,77.9
2021,RCD Mallorca,Mallorca,74150000.0,74.15
2021,Elche CF,Elche,72980000.0,72.98
2021,Cádiz CF,Cadiz,67800000.0,67.8
2021,Rayo Vallecano,Rayo Vallecano,67200000.0,67.2
2021,Deportivo Alavés,Alaves,65349999.99999999,65.35
2022,Real Madrid,Real Madrid,923450000.0,923.45
2022,FC Barcelona,Barcelona,836800000.0,836.8
2022,Atlético de Madrid,Atletico Madrid,534299999.99999994,534.3
2022,Real Sociedad,Real Sociedad,441700000.0,441.7
2022,Villarreal CF,Villarreal,363500000.0,363.5
2022,Valencia CF,Valencia,249780000.0,249.78
2022,Real Betis Balompié,Real Betis Balompié,246400000.0,246.4
2022,Sevilla FC,Sevilla,232580000.0,232.58
2022,Athletic Bilbao,Athletic Club,222450000.0,222.45
2022,CA Osasuna,CA Osasuna,150050000.0,150.05
2022,Girona FC,Girona,139900000.0,139.9
2022,Celta de Vigo,Celta Vigo,138800000.0,138.8
2022,Getafe CF,Getafe,118900000.0,118.9
2022,RCD Espanyol Barcelona,RCD Espanyol Barcelona,116500000.0,116.5
2022,UD Almería,Almeria,114200000.0,114.2
2022,RCD Mallorca,Mallorca,107000000.0,107.0
2022,Rayo Vallecano,Rayo Vallecano,103400000.0,103.4
2022,Real Valladolid CF,Real Valladolid CF,90750000.0,90.75
2022,Elche CF,Elche,67500000.0,67.5
2022,Cádiz CF,Cadiz,65599999.99999999,65.6
2023,Real Madrid,Real Madrid,1140000000.0,1140.0
2023,FC Barcelona,Barcelona,916200000.0,916.2
2023,Real Sociedad,Real Sociedad,498500000.0,498.5
2023,Atlético de Madrid,Atletico Madrid,458450000.0,458.45
2023,Girona FC,Girona,297900000.0,297.9
2023,Athletic Bilbao,Athletic Club,295650000.0,295.65
2023,Villarreal CF,Villarreal,252500000.0,252.5
2023,Valencia CF,Valencia,244730000.0,244.73
2023,Sevilla FC,Sevilla,228750000.0,228.75
2023,Real Betis Balompié,Real Betis Balompié,224880000.0,224.88
2023,Celta de Vigo,Celta Vigo,149300000.0,149.3
2023,Granada CF,Granada,141100000.0,141.1
2023,Getafe CF,Getafe,133000000.0,133.0
2023,Deportivo Alavés,Alaves,123700000.0,123.7
2023,UD Las Palmas,Las Palmas,112400000.0,112.4
2023,CA Osasuna,CA Osasuna,105350000.0,105.35
2023,UD Almería,Almeria,99400000.0,99.4
2023,RCD Mallorca,Mallorca,87700000.0,87.7
2023,Rayo Vallecano,Rayo Vallecano,63950000.0,63.95
2023,Cádiz CF,Cadiz,60700000.0,60.7
2024,Real Madrid,Real Madrid,1350000000.0,1350.0
2024,FC Barcelona,Barcelona,1080000000.0,1080.0
2024,Atlético de Madrid,Atletico Madrid,542500000.0,542.5
2024,Athletic Bilbao,Athletic Club,375350000.0,375.35
2024,Real Sociedad,Real Sociedad,345050000.0,345.05
2024,Real Betis Balompié,Real Betis Balompié,291700000.0,291.7
2024,Villarreal CF,Villarreal,264250000.0,264.25
2024,Valencia CF,Valencia,215550000.0,215.55
2024,Sevilla FC,Sevilla,183900000.0,183.9
2024,Girona FC,Girona,153100000.0,153.1
2024,Celta de Vigo,Celta Vigo,130900000.0,130.9
2024,UD Las Palmas,Las Palmas,117300000.0,117.3
2024,RCD Espanyol Barcelona,RCD Espanyol Barcelona,116980000.0,116.98
2024,CA Osasuna,CA Osasuna,113280000.0,113.28
2024,Deportivo Alavés,Alaves,92350000.0,92.35
2024,Getafe CF,Getafe,87700000.0,87.7
2024,RCD Mallorca,Mallorca,84880000.0,84.88
2024,Real Valladolid CF,Real Valladolid CF,81450000.0,81.45
2024,Rayo Vallecano,Rayo Vallecano,68000000.0,68.0
2024,CD Leganés,CD Leganés,47980000.0,47.98
2025,Real Madrid,Real Madrid,1340000000.0,1340.0
2025,FC Barcelona,Barcelona,1170000000.0,1170.0
2025,Atlético de Madrid,Atletico Madrid,587000000.0,587.0
2025,Villarreal CF,Villarreal,285500000.0,285.5
2025,Athletic Bilbao,Athletic Club,283000000.0,283.0
2025,Real Sociedad,Real Sociedad,272700000.0,272.7
2025,Real Betis Balompié,Real Betis Balompié,248800000.0,248.8
2025,Celta de Vigo,Celta Vigo,172900000.0,172.9
2025,Valencia CF,Valencia,163600000.0,163.6
2025,Girona FC,Girona,153200000.0,153.2
2025,Sevilla FC,Sevilla,140400000.0,140.4
2025,RCD Espanyol Barcelona,RCD Espanyol Barcelona,124200000.0,124.2
2025,Rayo Vallecano,Rayo Vallecano,107300000.0,107.3
2025,CA Osasuna,CA Osasuna,100800000.0,100.8
2025,RCD Mallorca,Mallorca,89000000.0,89.0
2025,Levante UD,Levante,86700000.0,86.7
2025,Elche CF,Elche,85100000.0,85.1
2025,Getafe CF,Getafe,82900000.0,82.9
2025,Deportivo Alavés,Alaves,66900000.00000001,66.9
2025,Real Oviedo,Real Oviedo,63900000.0,63.9
